actual,proposed
0.30000463128089905,0.30000001192092896
0.3015044629573822,0.30000001192092896
0.30300432443618774,0.30000001192092896
0.3045041859149933,0.30000001192092896
0.30750390887260437,0.30000001192092896
0.3090038001537323,0.30000001192092896
0.15238399803638458,0.13736417889595032
0.15276455879211426,0.13478948175907135
0.15529286861419678,0.13142937421798706
0.15776026248931885,0.13182981312274933
0.1601690798997879,0.12953484058380127
0.15519747138023376,0.12466581910848618
0.1531791090965271,0.12338733673095703
0.1467219442129135,0.11743845790624619
0.13588865101337433,0.11239077150821686
0.11864502727985382,0.10238669067621231
0.10351292043924332,0.094085693359375
0.0841178223490715,0.08266918361186981
0.05006934329867363,0.06339706480503082
0.026684356853365898,0.05008891224861145
0.003488851711153984,0.037611689418554306
0.0,0.028423966839909554
0.0,0.010003187693655491
0.0,0.0
0.0,0.0
0.0,0.0
0.0,0.0
0.0,0.0
0.0,0.0
0.0,0.0
0.0,0.0
0.0,0.0
0.0,0.0
0.0,0.0
0.0,0.0
0.0,0.0
0.0,0.0
0.0,0.0
0.0,0.0
0.0,0.0
0.0,0.0
0.0,0.0
0.0,0.0
0.0,0.0
0.0,0.0
0.0,0.0
0.0,0.0
0.0,0.0
0.0,0.0
0.0,0.0
0.0,0.0
0.0,0.0
0.0,0.0
0.0,0.0
0.0,0.0
0.0,0.0
0.0,0.0
0.0,0.0
0.0,0.0
0.0,0.0
0.0,0.0
0.0,0.0
0.0,0.30000001192092896
0.0,0.016806159168481827
0.0,0.027181394398212433
0.00997406430542469,0.03787333145737648
0.022319070994853973,0.04494071379303932
0.043141577392816544,0.056515783071517944
0.05925390496850014,0.06567202508449554
0.075090691447258,0.07467906922101974
0.09938178211450577,0.08840733766555786
0.11894083023071289,0.0989508181810379
0.1294858455657959,0.10508356243371964
0.15294551849365234,0.11806854605674744
0.1629919409751892,0.12356977164745331
0.17725719511508942,0.1314127892255783
0.19132819771766663,0.13914723694324493
0.20085477828979492,0.14444689452648163
0.20590564608573914,0.1470210999250412
0.2109055519104004,0.1496582329273224
0.22021591663360596,0.15464957058429718
0.2207016497850418,0.15474526584148407
0.22556547820568085,0.15720313787460327
0.2260282337665558,0.15721464157104492
0.22215233743190765,0.1548234224319458
0.21835651993751526,0.1525011956691742
0.20591920614242554,0.14522245526313782
0.20239366590976715,0.14303956925868988
0.1858556866645813,0.13343805074691772
0.17391927540302277,0.1266450732946396
0.1577950268983841,0.11725998669862747
0.13753558695316315,0.10578779131174088
0.11754992604255676,0.094412662088871
0.09782540798187256,0.08309677243232727
0.07399089634418488,0.06966875493526459
0.04609508067369461,0.05396414175629616
0.018543172627687454,0.037673529237508774
3.7017241993453354e-05,0.027993394061923027
0.0,0.00015418608381878585
0.0,0.0
0.0,0.0
0.0,0.0
0.0,0.0
0.0,0.0
0.0,0.0
0.0,0.0
0.0,0.0
0.0,0.0
0.0,0.0
0.0,0.0
0.0,0.0
0.0,0.0
0.0,0.0
0.0,0.0
0.0,0.0
0.0,0.0
0.0,0.0
0.0,0.0
0.0,0.0
0.0,0.0
0.0,0.0
0.0,0.0
0.0,0.0
0.0,0.0
0.0,0.0
0.0,0.30000001192092896
0.0,0.0
0.0,0.0
0.0,0.0
0.0,0.0
0.0,0.0
0.0,0.0
0.0,0.0
0.0,0.0
0.0,0.0
0.0,0.002144131576642394
0.0,0.007680583745241165
0.0,0.01259727030992508
0.0,0.01775640808045864
0.0,0.024542484432458878
0.0,0.03045685403048992
0.004526791628450155,0.03656478971242905
0.014730039983987808,0.04182681068778038
0.024763567373156548,0.047688063234090805
0.030275912955403328,0.05086687207221985
0.031334370374679565,0.05122452974319458
0.036721475422382355,0.05446331202983856
0.037659935653209686,0.05478264391422272
0.03857304900884628,0.05559535697102547
0.04817967116832733,0.06044274568557739
0.05328323692083359,0.06358599662780762
0.06266822665929794,0.06873614341020584
0.05884190648794174,0.06658605486154556
0.050709523260593414,0.06186840683221817
0.03832881897687912,0.054781850427389145
0.030473140999674797,0.0504431389272213
0.027074240148067474,0.04839705303311348
0.019349420443177223,0.04403742402791977
0.01607506535947323,0.042432449758052826
0.012827565893530846,0.040050480514764786
0.013964492827653885,0.041018933057785034
0.006347143556922674,0.036853447556495667
0.0031744157895445824,0.03483033552765846
2.2924399672774598e-05,0.032854706048965454
0.0,0.031450096517801285
0.0,0.027007903903722763
0.0,0.025578264147043228
0.0,0.021324491128325462
0.0,0.019493691623210907
0.24316257238388062,0.30000001192092896
0.24158048629760742,0.19198577105998993
0.240006223320961,0.19104261696338654
0.238438680768013,0.1894676387310028
0.2412363886833191,0.19103872776031494
0.23962022364139557,0.18993541598320007
0.23801171779632568,0.18884886801242828
0.23641033470630646,0.18762652575969696
0.23481501638889313,0.1864759922027588
0.2332252711057663,0.18520689010620117
0.23164063692092896,0.1842179000377655
0.22570110857486725,0.18063166737556458
0.21546685695648193,0.1746162325143814
0.2053537666797638,0.16917237639427185
0.19535592198371887,0.16236825287342072
0.18110856413841248,0.1545075923204422
0.16702581942081451,0.14660580456256866
0.15309925377368927,0.13881553709506989
0.13932135701179504,0.13009823858737946
0.12132584303617477,0.12034661322832108
0.10352461785078049,0.11021322757005692
0.08154941350221634,0.09717585146427155
0.06416923552751541,0.08820744603872299
0.03823497146368027,0.07345369458198547
0.012577012181282043,0.05786401778459549
0.0,0.04180669039487839
0.0,0.028553396463394165
0.0,0.010537850670516491
0.0,0.0
0.0,0.0
0.0,0.0
0.0,0.0
0.0,0.0
0.0,0.0
0.0,0.0
0.0,0.0
0.0,0.0
0.0,0.0
0.0,0.0
0.0,0.0
0.0,0.0
0.0,0.0
0.0,0.0
0.0,0.0
0.0,0.0
0.0,0.30000001192092896
0.0,0.0
0.0,0.0
0.0,0.0
0.0,0.0
0.0,0.0
0.0,0.0
0.0,0.0
0.0,0.0
0.0,0.0
0.0,0.0
0.0,0.0
0.0,0.0
0.0,0.0
0.0,0.0
0.0,0.0
0.0,0.0
0.0,0.0
0.0,0.0
0.0,0.0
0.0,0.0
0.0,0.0
0.0,0.0
0.0,0.0
0.0,0.0
0.0,0.0
0.0,0.0
0.0,0.0
0.0,0.0
0.0,0.0
0.09990354627370834,0.30000001192092896
0.0964675024151802,0.12913702428340912
0.10171008110046387,0.13039110600948334
0.10679329186677933,0.13398440182209015
0.1073642298579216,0.1340901404619217
0.11220724880695343,0.13643167912960052
0.11254680156707764,0.1370786428451538
0.1171669065952301,0.1393354833126068
0.1172918826341629,0.13952232897281647
0.11734601855278015,0.13868758082389832
0.12169082462787628,0.14184293150901794
0.11719101667404175,0.13916143774986267
0.11269049346446991,0.13700586557388306
0.10382921248674393,0.13067466020584106
0.0993848368525505,0.12781290709972382
0.09493425488471985,0.1261436939239502
0.0861181765794754,0.12015966325998306
0.07735525071620941,0.115831159055233
0.06864213943481445,0.11115731298923492
0.04269520938396454,0.0959542766213417
0.029871657490730286,0.08812357485294342
0.021500252187252045,0.08492051810026169
0.013155543245375156,0.07892744988203049
0.004835963249206543,0.07416803389787674
0.17852817475795746,0.20390063524246216
0.17804427444934845,0.20122721791267395
0.17546765506267548,0.1949618011713028
0.17300528287887573,0.18875525891780853
0.15865902602672577,0.17962194979190826
0.14754478633403778,0.17376604676246643
0.13648511469364166,0.1654137372970581
0.12547548115253448,0.16002057492733002
0.11015394330024719,0.15365377068519592
0.09057701379060745,0.13900978863239288
0.07987604290246964,0.1337481439113617
0.0648445338010788,0.12598276138305664
0.04553968459367752,0.11564242094755173
0.030735261738300323,0.10477621853351593
0.016003474593162537,0.09832128137350082
0.00569842429831624,0.0925045758485794
0.0,0.08400291949510574
0.0,0.07785071432590485
0.0,0.07255613058805466
0.0,0.06858005374670029
0.0,0.05611345171928406
0.0,0.050428371876478195
0.0,0.04584184288978577
0.0,0.036268383264541626
0.0,0.30000001192092896
0.0,0.03531010076403618
0.0,0.022633787244558334
0.0,0.0203243475407362
0.0,0.014517911709845066
0.0,0.0069579011760652065
0.0,0.0009313803748227656
0.0,0.0
0.0,0.0
0.0,0.0
0.0,0.0
0.0,0.0
0.0,0.0
0.0,0.0
0.0,0.0
0.0,0.0
0.0,0.0
0.0,0.0
0.0,0.0
0.0,0.0
0.0,0.0
0.0,0.0
0.0,0.0
0.0,0.0
0.0,0.0
0.0,0.0
0.0,0.0
0.0,0.0
0.0,0.0
0.0,0.0
0.0,0.0
0.0,0.0
0.0,0.0
0.0,0.0
0.0,0.0
0.0,0.0
0.0,0.0
0.0,0.0
0.0,0.0
0.0,0.0
0.0,0.0
0.0,0.0
0.0,0.0
0.0,0.0
0.0,0.0
0.0,0.0
0.0,0.0
0.0,0.0
0.0,0.0
0.0,0.0
0.0,0.0
0.0,0.0
0.0,0.0
0.0,0.0
0.0,0.0
0.0,0.0
0.0,0.0
0.0,0.0
0.0,0.0
0.0,0.0
0.0,0.0
0.0,0.0
0.0,0.0
0.0,0.0
0.0,0.0
0.0,0.0
0.0,0.0
0.0,0.0
0.0,0.0
0.0,0.0
0.0,0.0
0.0,0.0
0.0,0.0
0.0,0.0
0.0,0.0
0.0,0.0
0.0,0.0
0.0,0.0
0.0,0.0
0.0,0.0
0.0,0.0
0.0,0.0
0.0,0.0
0.0,0.0
0.0,0.0
0.0,0.0
0.0,0.0
0.0,0.0
0.0,0.0
0.0,0.0
0.0,0.0
0.0,0.0
0.0,0.0
0.0,0.0
0.0,0.0
0.0,0.0
0.0,0.0
0.0,0.0
0.0,0.0
0.0,0.0
0.0,0.0
0.0,0.0
0.0,0.0
0.0,0.0
0.0,0.0
0.0,0.0
0.0,0.0
0.0,0.0
0.0,0.0
0.0,0.0
0.0,0.0
0.0,0.0
0.0,0.0
0.0,0.0
0.0,0.0
0.0,0.0
0.0,0.0
0.0,0.0
0.0,0.0
0.0,0.0
0.0,0.0
0.0,0.0
0.0,0.0
0.0,0.0
0.0,0.0
0.0,0.0
0.0,0.0
0.0,0.0
0.0,0.0
0.0,0.0
0.0,0.0
0.0,0.0
0.0,0.0
0.0,0.0
0.0,0.0
0.0,0.0
0.0,0.0
0.0,0.0
0.0,0.0
0.0,0.0
0.0,0.0
0.0,0.0
0.0,0.0
0.0,0.0
0.0,0.0
0.0,0.0
0.0,0.0
0.0,0.0
0.0,0.0
0.0,0.0
0.0,0.0
0.0,0.0
0.0,0.0
0.0,0.0
0.0,0.0
0.0,0.0
0.0,0.0
0.0,0.0
0.0,0.0
0.0,0.0
0.0,0.0
0.0,0.0
0.0,0.0
0.0,0.0
0.034712374210357666,0.0
0.042439479380846024,0.0
0.04572610557079315,0.0
0.040277235209941864,0.0
0.030574148520827293,0.0
0.029749134555459023,0.0
0.04203343018889427,0.0
0.04980923980474472,0.0
0.053143613040447235,0.0
0.05210097134113312,0.0
0.05546088144183159,0.0
0.05880187451839447,0.0
0.06212584301829338,0.0
0.0523567870259285,0.0
0.05147133022546768,0.0
0.05498243495821953,0.0
0.04975228011608124,0.0
0.044619932770729065,0.0
0.04394059255719185,0.0
0.03401174023747444,0.0
0.024817639961838722,0.0
0.015765562653541565,0.0
0.011207487434148788,0.0
0.006718310993164778,0.0
0.0,0.0
0.0,0.0
0.0,0.0
0.0,0.0
0.0,0.0
0.0,0.0
0.0,0.0
0.0,0.0
0.0,0.0
0.0,0.0
0.0,0.0
0.0,0.0
0.0,0.0
0.0,0.0
0.0,0.0
0.0,0.0
0.0,0.0
0.0,0.0
0.0,0.0
0.0,0.0
0.0,0.0
0.0,0.0
0.0,0.0
0.0,0.0
0.0,0.0
0.0,0.0
0.0,0.0
0.0,0.0
0.0,0.0
0.0,0.0
0.0,0.0
0.0,0.0
0.0,0.0
0.0,0.0
0.0,0.0
0.0,0.0
0.0,0.0
0.0,0.0
0.0,0.0
0.0,0.0
0.0,0.0
0.0,0.0
0.0,0.0
0.0,0.0
0.0,0.0
0.0,0.0
0.0,0.0
0.0,0.0
0.0,0.0
0.0,0.0
0.0,0.0
0.0,0.0
0.0,0.0
0.0,0.0
0.0,0.0
0.0,0.0
0.0,0.0
0.0,0.0
0.0,0.0
0.0,0.0
0.0,0.0
0.0,0.0
0.0,0.0
0.0,0.0
0.0,0.0
0.0,0.0
0.0,0.0
0.0,0.0
0.0,0.0
0.0,0.0
0.0,0.0
0.0,0.0
0.0,0.0
0.0,0.0
0.0,0.0
0.0,0.0
0.0,0.0
0.0,0.0
0.0,0.0
0.0,0.0
0.0,0.0
0.0,0.0
0.0,0.0
0.0,0.0
0.0,0.0
0.0,0.0
0.0,0.0
0.0677979439496994,0.0
0.07433285564184189,0.0
0.08735580742359161,0.10512738674879074
0.10250319540500641,0.11332408338785172
0.1087823435664177,0.11644946783781052
0.11068019270896912,0.11778983473777771
0.12133555859327316,0.1237713024020195
0.12319118529558182,0.12454136461019516
0.1294489949941635,0.1278420090675354
0.13568836450576782,0.1306508630514145
0.1331927627325058,0.13034501671791077
0.13080254197120667,0.12814213335514069
0.1328723132610321,0.1292199194431305
0.13933855295181274,0.13258975744247437
0.13706238567829132,0.1312788724899292
0.12414328008890152,0.12459210306406021
0.1179099753499031,0.12015164643526077
0.11181861162185669,0.11598213762044907
0.10586366802453995,0.11297942698001862
0.09568043053150177,0.10772194713354111
0.08132421970367432,0.0
0.06720569729804993,0.0
0.05767383426427841,0.0
0.04394052177667618,0.0
0.017096206545829773,0.06261388212442398
0.0,0.05517933890223503
0.0,0.0
0.0,0.0
0.0,0.0
0.0,0.0
0.0,0.0
0.0,0.0
0.0,0.0
0.0,0.0
0.0,0.0
0.0,0.0
0.0,0.0
0.0,0.0
0.0,0.0
0.0,0.0
0.0,0.0
0.0,0.0
0.0,0.0
0.0,0.0
0.0,0.0
0.0,0.0
0.0,0.0
0.0,0.0
0.0,0.0
0.0,0.0
0.0,0.0
0.0,0.0
0.0,0.0
0.0,0.0
0.0,0.0
0.0,0.0
0.0,0.0
0.0,0.0
0.0,0.0
0.0,0.0
0.0,0.0
0.0,0.0
0.0,0.0
0.0,0.0
0.0,0.0
0.0,0.0
0.0,0.0
0.0,0.0
0.0,0.0
0.0,0.0
0.0,0.0
0.0,0.0
0.0,0.0
0.0,0.0
0.0,0.0
0.0,0.0
0.0,0.0
0.0,0.0
0.0,0.0
0.0,0.0
0.0,0.0
0.0,0.0
0.0,0.0
0.0,0.0
0.0,0.0
0.0,0.0
0.0,0.0
0.0,0.0
0.0,0.0
0.0,0.0
0.0,0.0
0.0,0.0
0.0,0.0
0.0,0.0
0.0,0.0
0.0,0.0
0.0,0.0
0.05735292285680771,0.0
0.06851090490818024,0.0
0.07520212233066559,0.0
0.07749313861131668,0.0
0.09288216382265091,0.10383377224206924
0.1037522628903389,0.10958830267190933
0.11017131805419922,0.1146460473537445
0.11656320840120316,0.11761274933815002
0.11857152730226517,0.11818800121545792
0.1293351948261261,0.12444769591093063
0.131296306848526,0.12488505244255066
0.133297860622406,0.1262182891368866
0.13969850540161133,0.1295924335718155
0.1417182832956314,0.1308857798576355
0.15249602496623993,0.13630492985248566
0.15447445213794708,0.13715332746505737
0.15649643540382385,0.13918793201446533
0.14984267950057983,0.13468609750270844
0.14770986139774323,0.13262920081615448
0.14567187428474426,0.13271117210388184
0.1480841338634491,0.1327434778213501
0.13744661211967468,0.12705841660499573
0.12265827506780624,0.11871420592069626
0.09820716083049774,0.10465417057275772
0.08410287648439407,0.09671315550804138
0.07022862136363983,0.08855962008237839
0.043496787548065186,0.0734683945775032
0.025873618200421333,0.063484787940979
0.012862449511885643,0.056142378598451614
0.0,0.04642530158162117
0.0,0.04177943989634514
0.0,0.03476886823773384
0.0,0.025434913113713264
0.0,0.01874607801437378
0.0,0.014250756241381168
0.0,0.005227976944297552
0.0,0.0012403159635141492
0.0,0.0
0.0,0.0
0.0,0.0
0.0,0.0
0.0,0.0
0.0,0.0
0.0,0.0
0.0,0.0
0.0,0.0
0.0,0.0
0.0,0.0
0.0,0.0
0.0,0.0
0.0,0.0
0.0,0.0
0.0,0.0
0.0,0.0
0.0,0.0
0.0,0.0
0.0,0.0
0.0,0.0
0.0,0.0
0.0,0.0
0.0,0.0
0.0,0.0
0.0,0.0
0.0,0.0
0.0,0.0
0.0,0.0
0.0,0.0
0.0,0.0
0.0,0.0
0.0,0.0
0.0,0.0
0.0,0.0
0.0,0.0
0.0,0.0
0.0,0.0
0.0,0.0
0.0,0.0
0.0,0.0
0.0,0.0
0.0,0.0
0.0,0.0
0.0,0.0
0.0,0.0
0.0,0.0
0.0,0.0
0.0,0.0
0.0,0.0
0.0,0.0
0.0,0.0
0.0,0.0
0.0,0.0
0.0,0.0
0.0,0.0
0.0,0.0
0.0,0.0
0.0,0.0
0.0,0.0
0.0,0.0
0.0,0.0
0.0,0.0
0.0,0.0
0.0,0.0
0.0,0.0
0.0,0.0
0.0,0.0
0.0,0.0
0.0,0.0
0.0,0.0
0.0,0.0
0.0,0.0
0.0,0.0
0.05711790919303894,0.0
0.06836885213851929,0.0
0.07515062391757965,0.0
0.08188779652118683,0.0
0.08858257532119751,0.0
0.09523817896842957,0.10080113261938095
0.10621563345193863,0.1074083223938942
0.12145646661520004,0.11582408100366592
0.12782889604568481,0.11889497935771942
0.1341785043478012,0.12235350161790848
0.13614873588085175,0.12386666983366013
0.13380125164985657,0.12058533728122711
0.13155430555343628,0.12200815230607986
0.13376307487487793,0.12080469727516174
0.12728634476661682,0.11817906051874161
0.1253211796283722,0.11709143221378326
0.12344185262918472,0.11566516757011414
0.12164505571126938,0.11428826302289963
0.12428665906190872,0.11564167588949203
0.11822612583637238,0.11222516000270844
0.11230210214853287,0.10888122767210007
0.10650929063558578,0.10510244220495224
0.1008414775133133,0.10161134600639343
0.09093475341796875,0.09672942012548447
0.08556254208087921,0.09331183135509491
0.07593914121389389,0.08773530274629593
0.0664786696434021,0.08231191337108612
0.06153339892625809,0.07954218238592148
0.05667704716324806,0.07668809592723846
0.04754673317074776,0.07150696963071823
0.04291759058833122,0.06874412298202515
0.03836313262581825,0.06629657000303268
0.03388042375445366,0.06368184089660645
0.029466282576322556,0.0611860565841198
0.016399947926402092,0.0537608303129673
0.003516565542668104,0.04661155864596367
0.0,0.041712138801813126
0.0,0.02986101433634758
0.0,0.01806505210697651
0.0,0.013613871298730373
0.0,0.012278152629733086
0.0,0.01234377734363079
0.0,0.00464322604238987
0.0,0.0
0.0,0.0
0.0,0.0
0.0,0.0
0.0,0.0
0.0,0.0
0.0,0.0
0.0,0.0
0.0,0.0
0.0,0.0
0.0,0.0
0.0,0.0
0.0,0.0
0.0,0.0
0.0,0.0
0.0,0.0
0.0,0.0
0.0,0.0
0.0,0.0
0.0,0.0
0.0,0.0
0.0,0.0
0.0,0.0
0.0,0.0
0.0,0.0
0.0,0.0
0.0,0.0
0.0,0.0
0.0,0.0
0.0,0.0
0.0,0.0
0.0,0.0
0.0,0.0
0.0,0.0
0.0,0.0
0.0,0.0
0.0,0.0
0.0,0.0
0.0,0.0
0.0,0.0
0.0,0.0
0.0,0.0
0.0,0.0
0.0,0.0
0.0,0.0
0.0,0.0
0.0,0.0
0.0,0.0
0.0,0.0
0.0,0.0
0.0,0.0
0.0,0.0
0.0,0.0
0.0,0.0
0.0,0.0
0.0,0.0
0.033604901283979416,0.0
0.0411984920501709,0.0
0.04435552656650543,0.0
0.05185791477560997,0.0
0.05928792804479599,0.0
0.06664884090423584,0.0
0.06958475708961487,0.0
0.0812373012304306,0.0
0.08404967933893204,0.0
0.0825076699256897,0.0
0.08538999408483505,0.0
0.08827470242977142,0.0
0.08680310845375061,0.0
0.08975360542535782,0.0
0.08834606409072876,0.0
0.09007184952497482,0.0
0.10621725022792816,0.10501272231340408
0.10910096764564514,0.10761107504367828
0.10763177275657654,0.10591626912355423
0.10622891038656235,0.10491407662630081
0.10924886912107468,0.10685928165912628
0.11226977407932281,0.10788611322641373
0.11093297600746155,0.10739161819219589
0.10529924184083939,0.10430114716291428
0.10414464771747589,0.10316222161054611
0.09432701766490936,0.09763563424348831
0.08468235284090042,0.09219375252723694
0.07520350813865662,0.08686546981334686
0.07024227827787399,0.08384247869253159
0.06537266075611115,0.08103057742118835
0.06494900584220886,0.0807732567191124
0.06454848498106003,0.0805111825466156
0.0554521419107914,0.07527755200862885
0.042138926684856415,0.06772670149803162
0.033381350338459015,0.06275488436222076
0.01188170351088047,0.05050176382064819
0.007907581515610218,0.048320624977350235
0.0,0.041319891810417175
0.0,0.0390927791595459
0.0,0.03455573320388794
0.0,0.03002595156431198
0.0,0.02818435989320278
0.0,0.02387595735490322
0.0,0.02434857003390789
0.0,0.019813677296042442
0.0,0.013181791640818119
0.0,0.011427854187786579
0.0,0.0048811109736561775
0.0,0.0004452200373634696
0.0,0.0
0.0,0.0
0.0,0.0
0.0,0.0
0.0,0.0
0.0,0.0
0.0,0.0
0.0,0.0
0.0,0.0
0.0,0.0
0.0,0.0
0.0,0.0
0.0,0.0
0.0,0.0
0.0,0.0
0.0,0.0
0.0,0.0
0.0,0.0
0.0,0.0
0.0,0.0
0.0,0.0
0.0,0.0
0.0,0.0
0.0,0.0
0.0,0.0
0.0,0.0
0.0,0.0
0.0,0.0
0.0,0.0
0.0,0.0
0.0,0.0
0.0,0.0
0.0,0.0
0.0,0.0
0.0,0.0
0.0,0.0
0.0,0.0
0.0,0.0
0.0,0.0
0.0,0.0
0.0,0.0
0.0,0.0
0.0,0.0
0.0,0.0
0.0,0.0
0.0,0.0
0.0,0.0
0.0,0.0
0.0,0.0
0.0,0.0
0.0,0.0
0.0,0.0
0.0,0.0
0.0,0.0
0.0,0.0
0.0,0.0
0.0,0.0
0.0,0.0
0.0,0.0
0.0,0.0
0.0,0.0
0.0,0.0
0.0,0.0
0.0,0.0
0.0,0.0
0.0,0.0
0.0,0.0
0.0,0.0
0.0,0.0
0.0,0.0
0.0,0.0
0.0,0.0
0.0,0.0
0.0,0.0
0.0,0.0
0.0,0.0
0.0,0.0
0.0,0.0
0.0,0.0
0.0,0.0
0.0,0.0
0.0,0.0
0.0,0.0
0.0,0.0
0.0,0.0
0.0,0.0
0.0,0.0
0.0,0.0
0.0,0.0
0.0,0.0
0.0,0.0
0.0,0.0
0.0,0.0
0.0,0.0
0.0,0.0
0.0,0.0
0.0,0.0
0.0,0.0
0.0,0.0
0.0,0.0
0.0,0.0
0.0,0.0
0.0,0.0
0.0,0.0
0.0,0.0
0.0,0.0
0.0,0.0
0.0,0.0
0.0,0.0
0.0,0.0
0.0,0.0
0.0,0.0
0.0,0.0
0.0,0.0
0.0,0.0
0.0,0.0
0.0,0.0
0.0,0.0
0.0,0.0
0.0,0.0
0.0,0.0
0.0,0.0
0.0,0.0
0.0,0.0
0.0,0.0
0.0,0.0
0.0,0.0
0.0,0.0
0.0,0.0
0.0,0.0
0.0,0.0
0.0,0.0
0.0,0.0
0.0,0.0
0.0,0.0
0.0,0.0
0.0,0.0
0.0,0.0
0.0,0.0
0.0,0.0
0.0,0.0
0.0,0.0
0.0,0.0
0.0,0.0
0.0,0.0
0.0,0.0
0.0,0.0
0.0,0.0
0.0,0.0
0.0,0.0
0.0,0.0
0.0,0.0
0.0,0.0
0.0,0.0
0.0,0.0
0.0,0.0
0.0,0.0
0.0,0.0
0.0,0.0
0.0,0.0
0.0,0.0
0.0,0.0
0.0,0.0
0.0,0.0
0.0,0.0
0.0,0.0
0.0,0.0
0.0,0.0
0.0,0.0
0.0,0.0
0.0,0.0
0.0,0.0
0.0,0.0
0.0,0.0
0.0,0.0
0.0,0.0
0.0,0.0
0.0,0.0
0.0,0.0
0.0,0.0
0.0,0.0
0.0,0.0
0.0,0.0
0.0,0.0
0.0,0.0
0.0,0.0
0.0,0.0
0.0,0.0
0.0,0.0
0.0,0.0
0.0,0.0
0.0,0.0
0.0,0.0
0.0,0.0
0.0,0.0
0.0,0.0
0.0,0.0
0.0,0.0
0.0,0.0
0.0,0.0
0.0,0.0
0.0,0.0
0.0,0.0
0.0,0.0
0.0,0.0
0.0,0.0
0.0,0.0
0.0,0.0
0.0,0.0
0.0,0.0
0.0,0.0
0.0,0.0
0.0,0.0
0.0,0.0
0.0,0.0
0.0,0.0
0.0,0.0
0.0,0.0
0.0,0.0
0.0,0.0
0.0,0.0
0.0,0.0
0.0,0.0
0.0,0.0
0.0,0.0
0.0,0.0
0.0,0.0
0.0,0.0
0.0,0.0
0.0,0.0
0.0,0.0
0.0,0.0
0.0,0.0
0.0,0.0
0.0,0.0
0.0,0.0
0.0,0.0
0.0,0.0
0.0,0.0
0.0,0.0
0.0,0.0
0.0,0.0
0.0,0.0
0.0,0.0
0.0,0.0
0.0,0.0
0.0,0.0
0.0,0.0
0.0,0.0
0.0,0.0
0.0,0.0
0.0,0.0
0.0,0.0
0.0,0.0
0.0,0.0
0.0,0.0
0.0,0.0
0.0,0.0
0.0,0.0
0.0,0.0
0.0,0.0
0.0,0.0
0.0,0.0
0.0,0.0
0.0,0.0
0.0,0.0
0.0,0.0
0.0,0.0
0.0,0.0
0.017591111361980438,0.0
0.017002485692501068,0.0
0.020795533433556557,0.0
0.020190926268696785,0.0
0.015250969678163528,0.0
0.014753203839063644,0.0
0.01427458319813013,0.0
0.013814371079206467,0.0
0.017730891704559326,0.0
0.017245011404156685,0.0
0.021137278527021408,0.0
0.024987535551190376,0.0
0.024438796564936638,0.0
0.028271101415157318,0.0
0.032064925879240036,0.0
0.03582180663943291,0.0
0.03954359516501427,0.0
0.04323207214474678,0.0
0.03817087411880493,0.0
0.03320049121975899,0.0
0.028317000716924667,0.0
0.027875667437911034,0.0
0.031812477856874466,0.0
0.035707276314496994,0.0
0.03084404021501541,0.0
0.026063576340675354,0.0
0.021362274885177612,0.0
0.016737036406993866,0.0
0.003465705318376422,0.0
0.0,0.0
0.0005982633447274566,0.0
0.0005782445659860969,0.0
0.0,0.0
0.0,0.0
0.0,0.0
0.0,0.0
0.0,0.0
0.0,0.0
0.0,0.0
0.0,0.0
0.0,0.0
0.0,0.0
0.0,0.0
0.0,0.0
0.0,0.0
0.0,0.0
0.0,0.0
0.0,0.0
0.0,0.0
0.0,0.0
0.0,0.0
0.0,0.0
0.0,0.0
0.0,0.0
0.0,0.0
0.0,0.0
0.0,0.0
0.0,0.0
0.0,0.0
0.0,0.0
0.0,0.0
0.0,0.0
0.0,0.0
0.0,0.0
0.0,0.0
0.0,0.0
0.0,0.0
0.0,0.0
0.0,0.0
0.0,0.0
0.0,0.0
0.0,0.0
0.0,0.0
0.0,0.0
0.0,0.0
0.0,0.0
0.0,0.0
0.0,0.0
0.0,0.0
0.0,0.0
0.0,0.0
0.0,0.0
0.0,0.0
0.0,0.0
0.0,0.0
0.0,0.0
0.0,0.0
0.0,0.0
0.0,0.0
0.0,0.0
0.0,0.0
0.0,0.0
0.0,0.0
0.0,0.0
0.0,0.0
0.0,0.0
0.0,0.0
0.0,0.0
0.0,0.0
0.0,0.0
0.0,0.0
0.0,0.0
0.0,0.0
0.0,0.0
0.0,0.0
0.0,0.0
0.0,0.0
0.0,0.0
0.0,0.0
0.0,0.0
0.0,0.0
0.0,0.0
0.0,0.0
0.0,0.0
0.0,0.0
0.0,0.0
0.0,0.0
0.0,0.0
0.0,0.0
0.0,0.0
0.0,0.0
0.0,0.0
0.0,0.0
0.034961674362421036,0.0
0.04250986874103546,0.0
0.04562324658036232,0.0
0.04872462898492813,0.0
0.051815640181303024,0.0
0.050537705421447754,0.0
0.049311064183712006,0.0
0.06121083348989487,0.0
0.06861744821071625,0.0
0.057201024144887924,0.0
0.04733807221055031,0.0
0.04636141285300255,0.0
0.032348163425922394,0.0
0.03163137659430504,0.0
0.026584412902593613,0.0
0.030343642458319664,0.0
0.029707375913858414,0.0
0.02909686230123043,0.0
0.028511110693216324,0.0
0.03230782970786095,0.0
0.04042646661400795,0.0
0.04409005865454674,0.0
0.0433635413646698,0.0
0.04266795888543129,0.0
0.046361152082681656,0.0
0.05438121780753136,0.0
0.053593069314956665,0.0
0.052839506417512894,0.0
0.043401509523391724,0.0
0.04719298705458641,0.0
0.04659029096364975,0.0
0.041655588895082474,0.04801209643483162
0.036807265132665634,0.04542887583374977
0.03640059754252434,0.04521428793668747
0.03165353089570999,0.042407188564538956
0.03134380280971527,0.04215136542916298
0.03540758043527603,0.04454905539751053
0.04378392547369003,0.04917694628238678
0.04769621789455414,0.05122919753193855
0.0554053820669651,0.055615607649087906
0.05920568108558655,0.05770847573876381
0.06297221034765244,0.0596185065805912
0.06670669466257095,0.06199909746646881
0.0616927295923233,0.0588863380253315
0.05677075311541557,0.05620316043496132
0.060654863715171814,0.058187343180179596
0.05578434467315674,0.055370308458805084
0.055358897894620895,0.05513568967580795
0.0549553744494915,0.05488082766532898
0.06329099088907242,0.059572938829660416
0.05408996343612671,0.05416640266776085
0.05375276505947113,0.05395306646823883
0.0534340925514698,0.05402488261461258
0.05749226361513138,0.055971063673496246
0.052789106965065,0.05334284529089928
0.04816555976867676,0.05066215991973877
0.04797716066241264,0.050647929310798645
0.04780113697052002,0.05039634183049202
0.04327797889709473,0.04783831536769867
0.034467991441488266,0.04281599447131157
0.030145686119794846,0.04035811498761177
0.025985341519117355,0.04039876163005829
0.021785443648695946,0.03554697334766388
0.013283771462738514,0.030773183330893517
0.00925652589648962,0.02847282961010933
0.0052782511338591576,0.02628452517092228
0.0,0.017067676410079002
0.0,0.019844496622681618
0.0,0.020158179104328156
0.0,0.015558135695755482
0.0,0.013575353659689426
0.0,0.013889385387301445
0.0,0.014562685042619705
0.0,0.009675928391516209
0.0,0.007542895153164864
0.0,0.010668226517736912
0.0,0.013684337958693504
0.0,0.018651073798537254
0.0,0.021479690447449684
0.0,0.0242270827293396
0.0,0.021771343424916267
0.0,0.024560093879699707
0.0,0.02707342430949211
0.0,0.027190309017896652
0.0,0.029753103852272034
0.0,0.02980373054742813
0.00434583704918623,0.03231668844819069
0.004371361341327429,0.032325319945812225
3.77257056243252e-05,0.02987656369805336
0.00012338938540779054,0.029933517798781395
0.004565218463540077,0.03243084251880646
0.0045848689042031765,0.03243659436702728
0.004604618065059185,0.032442253082990646
0.008983494713902473,0.03493120148777962
0.00022497728059533983,0.029961802065372467
0.0,0.02753343991935253
0.0,0.027653221040964127
0.0006255486514419317,0.030162423849105835
0.005121865775436163,0.03270429000258446
0.013844513334333897,0.03765852749347687
0.026806458830833435,0.04488702490925789
0.03959300369024277,0.05218725651502609
0.0522129125893116,0.05910288169980049
0.055955447256565094,0.06124327331781387
0.068384550511837,0.06813294440507889
0.07194569706916809,0.0702383741736412
0.07548440247774124,0.07208622246980667
0.07900197058916092,0.0737181007862091
0.08685865998268127,0.07835129648447037
0.09027684479951859,0.08006652444601059
0.10239865630865097,0.08697737008333206
0.10566780716180801,0.08882280439138412
0.10457056760787964,0.08794455975294113
0.10788610577583313,0.08964470028877258
0.11555157601833344,0.09389233589172363
0.11443102359771729,0.09293553978204727
0.1177254244685173,0.09497737884521484
0.12101320922374725,0.09656747430562973
0.1199360117316246,0.09597192704677582
0.1189139261841774,0.09526396542787552
0.11794482916593552,0.09435941278934479
0.11266764253377914,0.09150189161300659
0.11185886710882187,0.09095631539821625
0.11109444499015808,0.09019189327955246
0.11037267744541168,0.08972463011741638
0.1053328812122345,0.08693480491638184
0.1003929004073143,0.08394355326890945
0.09990750998258591,0.08372088521718979
0.09073549509048462,0.07828935235738754
0.08607277274131775,0.07550672441720963
0.09021172672510147,0.0779787078499794
0.08995082974433899,0.07758279144763947
0.0897115096449852,0.07749438285827637
0.08949293196201324,0.0771985724568367
0.084935262799263,0.07459711283445358
0.0804571658372879,0.07192302495241165
0.076055146753788,0.069431833922863
0.05874837189912796,0.059546131640672684
0.04595768824219704,0.052161507308483124
0.028987040743231773,0.04265807196497917
0.016605980694293976,0.035739265382289886
0.004385244566947222,0.028728201985359192
0.0,0.01962040737271309
0.0,0.01262449286878109
0.0,0.006664186716079712
0.0,0.0
0.0,0.0
0.0,0.0
0.0,0.0
0.0,0.0
0.0,0.0
0.0,0.0
0.0,0.0
0.0,0.0
0.0,0.0
0.0,0.0
0.0,0.0
0.0,0.0
0.0,0.0
0.0,0.0
0.0,0.0
0.0,0.0
0.0,0.0
0.0,0.0
0.0,0.0
0.0,0.0
0.0,0.0
0.0,0.0
0.0,0.0
0.0,0.0
0.0,0.0
0.0,0.0
0.0,0.0
0.0,0.0
0.0,0.0
0.0,0.0
0.0,0.0
0.0,0.0
0.0,0.0
0.0,0.0
0.0,0.0
0.0,0.0
0.0,0.0
0.0,0.0
0.0,0.0
0.0,0.0
0.0,0.0
0.0,0.0
0.0,0.0
0.0,0.0
0.0,0.0
0.0,0.0
0.0,0.0
0.0,0.0
0.0,0.0
0.040107447654008865,0.0
0.04347170516848564,0.0
0.051174573600292206,0.0
0.054438818246126175,0.0
0.057687774300575256,0.0
0.06092207878828049,0.0
0.06850249320268631,0.0
0.08472823351621628,0.0
0.09204565733671188,0.0
0.09930337220430374,0.0
0.10214514285326004,0.0
0.11371111869812012,0.0
0.12080435454845428,0.0
0.12349052727222443,0.09766653180122375
0.12619176506996155,0.09918911010026932
0.12454888224601746,0.09843005985021591
0.12733981013298035,0.09948113560676575
0.13014298677444458,0.10003774613142014
0.13295802474021912,0.10329107940196991
0.13142582774162292,0.10166876763105392
0.12560679018497467,0.09773289412260056
0.11991753429174423,0.09503255784511566
0.11435303092002869,0.09125814586877823
0.11326633393764496,0.09096366912126541
0.10787437111139297,0.08732068538665771
0.09823545813560486,0.08198757469654083
0.08876428008079529,0.07678093761205673
0.07945390045642853,0.07112699002027512
0.06552409380674362,0.06326773017644882
0.05223998799920082,0.05570858716964722
0.043511372059583664,0.05074009299278259
0.034910351037979126,0.045861177146434784
0.030790193006396294,0.043494775891304016
0.013649213127791882,0.033894654363393784
0.0011017514625564218,0.02660401538014412
0.0,0.0223102867603302
0.0,0.015264241024851799
0.0,0.013368685729801655
0.0,0.0016825207276269794
0.0,0.0
0.0,0.0
0.0,0.0
0.0,0.0
0.0,0.0
0.0,0.0
0.0,0.0
0.0,0.0
0.0,0.0
0.0,0.0
0.0,0.0
0.0,0.0
0.0,0.0
0.0,0.0
0.0,0.0
0.0,0.0
0.0,0.0
0.0,0.0
0.0,0.0
0.0,0.0
0.0,0.0
0.0,0.0
0.0,0.0
0.0,0.0
0.0,0.0
0.0,0.0
0.0,0.0
0.0,0.0
0.0,0.0
0.0,0.0
0.0,0.0
0.0,0.0
0.0,0.0
0.0,0.0
0.0,0.0
0.0,0.0
0.0,0.0
0.0,0.0
0.0,0.0
0.0,0.0
0.0,0.0
0.0,0.0
0.0,0.0
0.0,0.0
0.0,0.0
0.0,0.0
0.025617700070142746,0.0
0.03356402739882469,0.0
0.041419316083192825,0.0
0.049188654869794846,0.0
0.056875843554735184,0.0
0.06012548878788948,0.0
0.06772065907716751,0.0
0.07524251192808151,0.0
0.08269472420215607,0.0
0.09008045494556427,0.0
0.09740385413169861,0.0
0.10030877590179443,0.0
0.10321778059005737,0.0
0.10177211463451385,0.0855720266699791
0.10475011169910431,0.08727308362722397
0.10773059725761414,0.0887768417596817
0.10635451227426529,0.08786486089229584
0.10940064489841461,0.08967655152082443
0.10808811336755753,0.08860669285058975
0.10683674365282059,0.08789113163948059
0.11000321805477142,0.08951728790998459
0.11632522940635681,0.0928337499499321
0.11833737045526505,0.09316755086183548
0.11283013969659805,0.09128393232822418
0.10743949562311172,0.08740676939487457
0.10216087847948074,0.08434569835662842
0.08762233704328537,0.07562126219272614
0.07835110276937485,0.07083915919065475
0.06923138350248337,0.06547898054122925
0.06025686860084534,0.0602664016187191
0.05142148584127426,0.05527736246585846
0.042799390852451324,0.050331369042396545
0.03858470916748047,0.047928862273693085
0.030071387067437172,0.04310107231140137
0.021676471456885338,0.03838753700256348
0.005218602251261473,0.02903420850634575
0.0015052618691697717,0.027045724913477898
0.0,0.022231193259358406
0.0,0.017988847568631172
0.0,0.013673476874828339
0.0,0.009422923438251019
0.0,0.002359349513426423
0.0,0.0006362280691973865
0.0,0.0
0.0,0.0
0.0,0.0
0.0,0.0
0.0,0.0
0.0,0.0
0.0,0.0
0.0,0.0
0.0,0.0
0.0,0.0
0.0,0.0
0.0,0.0
0.0,0.0
0.0,0.0
0.0,0.0
0.0,0.0
0.0,0.0
0.0,0.0
0.0,0.0
0.0,0.0
0.0,0.0
0.0,0.0
0.0,0.0
0.0,0.0
0.0,0.0
0.0,0.0
0.0,0.0
0.0,0.0
0.0,0.0
0.0,0.0
0.0,0.0
0.0,0.0
0.0,0.0
0.0,0.0
0.0,0.0
0.0,0.0
0.0,0.0
0.0,0.0
0.0,0.0
0.0,0.0
0.0,0.0
0.0,0.0
0.0,0.0
0.0,0.0
0.0,0.0
0.0,0.0
0.0,0.0
0.0,0.0
0.0,0.0
0.0,0.0
0.0,0.0
0.0,0.0
0.0,0.0
0.0,0.0
0.0,0.0
0.0,0.0
0.0,0.0
0.0,0.0
0.0,0.0
0.0,0.0
0.0,0.0
0.0,0.0
0.0,0.0
0.0,0.0
0.0,0.0
0.0,0.0
0.0,0.0
0.0,0.0
0.0,0.0
0.0,0.0
0.0,0.0
0.0,0.0
0.0,0.0
0.0,0.0
0.0,0.0
0.0,0.0
0.0,0.0
0.0,0.0
0.0,0.0
0.0,0.0
0.0,0.0
0.0,0.0
0.0,0.0
0.0,0.0
0.0,0.0
0.0,0.0
0.0,0.0
0.0,0.0
0.0,0.0
0.0,0.0
0.0,0.0
0.0,0.0
0.0,0.0
0.0,0.0
0.0,0.0
0.0,0.0
0.0,0.0
0.0,0.0
0.0,0.0
0.0,0.0
0.0,0.0
0.0,0.0
0.0,0.0
0.0,0.0
0.0,0.0
0.0,0.0
0.0,0.0
0.0,0.0
0.0,0.0
0.0,0.0
0.0,0.0
0.0,0.0
0.0,0.0
0.0,0.0
0.0,0.0
0.0,0.0
0.0,0.0
0.0,0.0
0.0,0.0
0.0,0.0
0.0,0.0
0.0,0.0
0.0,0.10440243035554886
0.0,0.10728644579648972
0.0,0.10831723362207413
0.0,0.11829362064599991
0.0,0.12181390821933746
0.0,0.1269015073776245
0.23862306773662567,0.13062846660614014
0.2394760400056839,0.12869074940681458
0.24487018585205078,0.13393671810626984
0.25038009881973267,0.13397492468357086
0.0,0.0
0.0,0.0
0.0,0.0
0.0,0.0
0.0,0.0
0.0,0.0
0.0,0.0
0.0,0.0
0.0,0.0
0.0,0.0
0.0,0.0
0.0,0.0
0.0,0.0
0.0,0.0
0.0,0.0
0.0,0.0
0.0,0.0
0.0,0.0
0.0,0.0
0.0,0.0
0.0,0.0
0.0,0.0
0.0,0.0
0.0,0.0
0.0,0.0
0.0,0.0
0.0,0.0
0.0,0.0
0.0,0.0
0.0,0.0
0.0,0.0
0.0,0.0
0.0,0.0
0.0,0.0
0.0,0.0
0.0,0.0
0.0,0.0
0.0,0.0
0.0,0.0
0.0,0.0
0.0,0.0
0.0,0.0
0.0,0.0
0.0,0.0
0.0,0.0
0.0,0.0
0.0,0.0
0.0,0.0
0.0,0.0
0.0,0.0
0.0,0.0
0.0,0.0
0.0,0.0
0.0,0.0
0.0,0.0
0.0,0.0
0.0,0.0
0.0,0.0
0.0,0.0
0.0,0.0
0.0,0.0
0.0,0.0
0.0,0.0
0.0,0.0
0.0,0.0
0.0,0.0
0.0,0.0
0.0,0.0
0.0,0.0
0.0,0.0
0.0,0.0
0.0,0.0
0.0,0.0
0.0,0.0
0.0,0.0
0.0,0.0
0.0,0.0
0.0,0.0
0.0,0.0
0.0,0.0
0.0,0.0
0.0,0.0
0.0,0.0
0.0,0.0
0.0,0.0
0.0,0.0
0.0,0.0
0.0,0.0
0.0,0.0
0.0,0.0
0.0,0.0
